Id,Class_0,Class_1
00eed32682bb,0.8479585253151203,0.1520414746848796
010ebe33f668,0.8479585253151203,0.1520414746848796
02fa521e1838,0.8479585253151203,0.1520414746848796
040e15f562a2,0.8479585253151203,0.1520414746848796
046e85c7cc7f,0.8479585253151203,0.1520414746848796
