Id,Class_0,Class_1
00eed32682bb,0.8794720227614491,0.1205279772385508
010ebe33f668,0.8794720227614491,0.1205279772385508
02fa521e1838,0.8794720227614491,0.1205279772385508
040e15f562a2,0.8794720227614491,0.1205279772385508
046e85c7cc7f,0.8794720227614491,0.1205279772385508
