Id,Class_0,Class_1
00eed32682bb,0.5000018520525125,0.4999981479474875
010ebe33f668,0.5000018520525125,0.4999981479474875
02fa521e1838,0.5000018520525125,0.4999981479474875
040e15f562a2,0.5000018520525125,0.4999981479474875
046e85c7cc7f,0.5000018520525125,0.4999981479474875
