Id,Class_0,Class_1
00eed32682bb,0.8329932134311923,0.16700678656880774
010ebe33f668,0.8329932134311923,0.16700678656880774
02fa521e1838,0.8329932134311923,0.16700678656880774
040e15f562a2,0.8329932134311923,0.16700678656880774
046e85c7cc7f,0.8329932134311923,0.16700678656880774
