Id,Class_0,Class_1
00eed32682bb,0.4289684792183618,0.5710315207816382
010ebe33f668,0.4289684792183618,0.5710315207816382
02fa521e1838,0.4289684792183618,0.5710315207816382
040e15f562a2,0.4289684792183618,0.5710315207816382
046e85c7cc7f,0.4289684792183618,0.5710315207816382
