Id,Class_0,Class_1
00eed32682bb,0.24083494,0.7591651
010ebe33f668,0.24083494,0.7591651
02fa521e1838,0.24083494,0.7591651
040e15f562a2,0.24083494,0.7591651
046e85c7cc7f,0.24083494,0.7591651
