Id,Class_0,Class_1
00eed32682bb,0.8611454671396105,0.13885453286038948
010ebe33f668,0.8611454671396105,0.13885453286038948
02fa521e1838,0.8611454671396105,0.13885453286038948
040e15f562a2,0.8611454671396105,0.13885453286038948
046e85c7cc7f,0.8611454671396105,0.13885453286038948
