Id,Class_0,Class_1
00eed32682bb,0.4754752236915083,0.5245247763084917
010ebe33f668,0.4754752236915083,0.5245247763084917
02fa521e1838,0.4754752236915083,0.5245247763084917
040e15f562a2,0.4754752236915083,0.5245247763084917
046e85c7cc7f,0.4754752236915083,0.5245247763084917
