Id,Class_0,Class_1
00eed32682bb,0.8748965386000126,0.12510346139998757
010ebe33f668,0.8748965386000126,0.12510346139998757
02fa521e1838,0.8748965386000126,0.12510346139998757
040e15f562a2,0.8748965386000126,0.12510346139998757
046e85c7cc7f,0.8748965386000126,0.12510346139998757
