Id,Class_0,Class_1
00eed32682bb,0.6630530838232622,0.3369469161767378
010ebe33f668,0.6630530838232622,0.3369469161767378
02fa521e1838,0.6630530838232622,0.3369469161767378
040e15f562a2,0.6630530838232622,0.3369469161767378
046e85c7cc7f,0.6630530838232622,0.3369469161767378
