Id,Class_0,Class_1
00eed32682bb,0.8471323587900257,0.15286764120997443
010ebe33f668,0.8471323587900257,0.15286764120997443
02fa521e1838,0.8471323587900257,0.15286764120997443
040e15f562a2,0.8471323587900257,0.15286764120997443
046e85c7cc7f,0.8471323587900257,0.15286764120997443
