Id,Class_0,Class_1
00eed32682bb,0.811830667064587,0.18816933293541296
010ebe33f668,0.811830667064587,0.18816933293541296
02fa521e1838,0.811830667064587,0.18816933293541296
040e15f562a2,0.811830667064587,0.18816933293541296
046e85c7cc7f,0.811830667064587,0.18816933293541296
